closer_to,comparison_group,comparison_kind,count,distance_to_p37_exact_profile,distance_to_p37_false_profile,distinct_hashes,exact_like_indicator_rate,false_like_indicator_rate,lambda_distribution,median_D_min_ratio,median_InitHardness,median_P_16,median_P_32,median_P_4,median_P_8,median_P_thetaS_001,median_P_thetaS_005,median_P_thetaS_010,median_Q_ratio,median_kappa_max,median_kappa_q90,median_kappa_q99,median_max_abs_rho,median_score,median_score_per_p,median_support_fraction,median_support_pair_count,p37_exact_reference,p37_false_reference,score_distribution
p37_false_like,beam,method,4,0.6045188508900532,0.5743852836239607,4,0.25,0.75,"{""144"": 3, ""148"": 1}",1.0454780361757106,-20998.690909091383,0.025,0.16666666666666669,0.0,0.008333333333333333,0.0,0.008333333333333333,0.025,0.14017620871081224,0.936491935483871,0.7804878048780488,0.8875,3.0,176.0,1.0538922155688621,0.6204819277108433,51.5,"{""count"": 80, ""label"": ""p37_exact_like"", ""median_D_min_ratio"": 0.5, ""median_P_16"": 0.22334834834834835, ""median_P_8"": 0.08483483483483484, ""median_P_thetaS_005"": 0.018018018018018018, ""median_Q_ratio"": 12.93576388888889, ""median_kappa_max"": 1.7083333333333335, ""median_kappa_q99"": 1.0, ""median_score_per_p"": 0.6486486486486487, ""median_support_fraction"": 0.5}","{""count"": 84, ""label"": ""p37_false_like"", ""median_D_min_ratio"": 1.5, ""median_P_16"": 0.11448948948948949, ""median_P_8"": 0.015765765765765764, ""median_P_thetaS_005"": 0.0, ""median_Q_ratio"": 38.61805555555556, ""median_kappa_max"": 0.75, ""median_kappa_q99"": 0.5714285714285714, ""median_score_per_p"": 0.21621621621621623, ""median_support_fraction"": 0.2222222222222222}","{""164"": 1, ""172"": 1, ""180"": 2}"
p37_exact_like,coherent_multiswap,method,55,0.46026159645703024,0.6422937874637185,55,0.7818181818181819,0.10909090909090909,"{""144"": 55}",0.9310344827586207,-20674.690909091383,0.11666666666666667,0.48333333333333334,0.041666666666666664,0.058333333333333334,0.025,0.058333333333333334,0.18333333333333332,0.12210161400318253,1.12,0.8857142857142857,1.0,3.0,212.0,1.2694610778443114,0.6265060240963856,52.0,"{""count"": 80, ""label"": ""p37_exact_like"", ""median_D_min_ratio"": 0.5, ""median_P_16"": 0.22334834834834835, ""median_P_8"": 0.08483483483483484, ""median_P_thetaS_005"": 0.018018018018018018, ""median_Q_ratio"": 12.93576388888889, ""median_kappa_max"": 1.7083333333333335, ""median_kappa_q99"": 1.0, ""median_score_per_p"": 0.6486486486486487, ""median_support_fraction"": 0.5}","{""count"": 84, ""label"": ""p37_false_like"", ""median_D_min_ratio"": 1.5, ""median_P_16"": 0.11448948948948949, ""median_P_8"": 0.015765765765765764, ""median_P_thetaS_005"": 0.0, ""median_Q_ratio"": 38.61805555555556, ""median_kappa_max"": 0.75, ""median_kappa_q99"": 0.5714285714285714, ""median_score_per_p"": 0.21621621621621623, ""median_support_fraction"": 0.2222222222222222}","{""176"": 2, ""192"": 1, ""196"": 5, ""200"": 3, ""204"": 8, ""208"": 5, ""212"": 5, ""216"": 5, ""220"": 6, ""224"": 6, ""228"": 5, ""232"": 4}"
p37_exact_like,escapability_aware,method,20,0.4759348887371551,0.6439945119980914,20,0.6,0.2,"{""144"": 20}",0.9821371610845295,-17036.690909091383,0.125,0.5208333333333334,0.0375,0.058333333333333334,0.020833333333333336,0.058333333333333334,0.16666666666666666,0.11893357158793905,1.0370879120879122,0.8857142857142857,0.9878048780487805,3.0,220.0,1.3173652694610778,0.6566265060240963,54.5,"{""count"": 80, ""label"": ""p37_exact_like"", ""median_D_min_ratio"": 0.5, ""median_P_16"": 0.22334834834834835, ""median_P_8"": 0.08483483483483484, ""median_P_thetaS_005"": 0.018018018018018018, ""median_Q_ratio"": 12.93576388888889, ""median_kappa_max"": 1.7083333333333335, ""median_kappa_q99"": 1.0, ""median_score_per_p"": 0.6486486486486487, ""median_support_fraction"": 0.5}","{""count"": 84, ""label"": ""p37_false_like"", ""median_D_min_ratio"": 1.5, ""median_P_16"": 0.11448948948948949, ""median_P_8"": 0.015765765765765764, ""median_P_thetaS_005"": 0.0, ""median_Q_ratio"": 38.61805555555556, ""median_kappa_max"": 0.75, ""median_kappa_q99"": 0.5714285714285714, ""median_score_per_p"": 0.21621621621621623, ""median_support_fraction"": 0.2222222222222222}","{""164"": 1, ""176"": 1, ""192"": 1, ""196"": 1, ""200"": 2, ""212"": 1, ""216"": 2, ""220"": 2, ""224"": 2, ""228"": 4, ""232"": 3}"
p37_exact_like,filtered_2swap,method,12,0.44439466250746695,0.6754744169771184,12,1.0,0.0,"{""144"": 12}",0.8912037037037037,-20420.690909091383,0.125,0.525,0.04583333333333334,0.0625,0.029166666666666667,0.0625,0.18333333333333335,0.12303249645898542,1.1758832565284179,0.8942218080149115,1.0121951219512195,2.5,212.0,1.2694610778443114,0.6506024096385542,54.0,"{""count"": 80, ""label"": ""p37_exact_like"", ""median_D_min_ratio"": 0.5, ""median_P_16"": 0.22334834834834835, ""median_P_8"": 0.08483483483483484, ""median_P_thetaS_005"": 0.018018018018018018, ""median_Q_ratio"": 12.93576388888889, ""median_kappa_max"": 1.7083333333333335, ""median_kappa_q99"": 1.0, ""median_score_per_p"": 0.6486486486486487, ""median_support_fraction"": 0.5}","{""count"": 84, ""label"": ""p37_false_like"", ""median_D_min_ratio"": 1.5, ""median_P_16"": 0.11448948948948949, ""median_P_8"": 0.015765765765765764, ""median_P_thetaS_005"": 0.0, ""median_Q_ratio"": 38.61805555555556, ""median_kappa_max"": 0.75, ""median_kappa_q99"": 0.5714285714285714, ""median_score_per_p"": 0.21621621621621623, ""median_support_fraction"": 0.2222222222222222}","{""208"": 4, ""212"": 3, ""216"": 3, ""220"": 1, ""224"": 1}"
p37_exact_like,ilp,method,16,0.4973348078058466,0.5932831410491709,16,0.625,0.3125,"{""144"": 9, ""148"": 7}",0.9578900709219859,-21422.690909091383,0.075,0.2791666666666667,0.025,0.03333333333333333,0.016666666666666666,0.03333333333333333,0.075,0.13577982141331282,1.0598214285714285,0.8431372549019608,0.9714285714285714,3.0,188.0,1.125748502994012,0.572289156626506,47.5,"{""count"": 80, ""label"": ""p37_exact_like"", ""median_D_min_ratio"": 0.5, ""median_P_16"": 0.22334834834834835, ""median_P_8"": 0.08483483483483484, ""median_P_thetaS_005"": 0.018018018018018018, ""median_Q_ratio"": 12.93576388888889, ""median_kappa_max"": 1.7083333333333335, ""median_kappa_q99"": 1.0, ""median_score_per_p"": 0.6486486486486487, ""median_support_fraction"": 0.5}","{""count"": 84, ""label"": ""p37_false_like"", ""median_D_min_ratio"": 1.5, ""median_P_16"": 0.11448948948948949, ""median_P_8"": 0.015765765765765764, ""median_P_thetaS_005"": 0.0, ""median_Q_ratio"": 38.61805555555556, ""median_kappa_max"": 0.75, ""median_kappa_q99"": 0.5714285714285714, ""median_score_per_p"": 0.21621621621621623, ""median_support_fraction"": 0.2222222222222222}","{""164"": 1, ""172"": 1, ""180"": 2, ""184"": 2, ""188"": 3, ""192"": 3, ""200"": 2, ""204"": 1, ""232"": 1}"
p37_exact_like,seed,method,5,0.583105620632318,0.5890839237460378,5,0.6,0.4,"{""144"": 3, ""148"": 2}",0.9821428571428571,-20926.690909091383,0.025,0.16666666666666666,0.008333333333333333,0.008333333333333333,0.008333333333333333,0.008333333333333333,0.025,0.14207968236582694,1.0303030303030303,0.7941176470588235,0.8928571428571429,3.0,176.0,1.0538922155688624,0.5903614457831325,49.0,"{""count"": 80, ""label"": ""p37_exact_like"", ""median_D_min_ratio"": 0.5, ""median_P_16"": 0.22334834834834835, ""median_P_8"": 0.08483483483483484, ""median_P_thetaS_005"": 0.018018018018018018, ""median_Q_ratio"": 12.93576388888889, ""median_kappa_max"": 1.7083333333333335, ""median_kappa_q99"": 1.0, ""median_score_per_p"": 0.6486486486486487, ""median_support_fraction"": 0.5}","{""count"": 84, ""label"": ""p37_false_like"", ""median_D_min_ratio"": 1.5, ""median_P_16"": 0.11448948948948949, ""median_P_8"": 0.015765765765765764, ""median_P_thetaS_005"": 0.0, ""median_Q_ratio"": 38.61805555555556, ""median_kappa_max"": 0.75, ""median_kappa_q99"": 0.5714285714285714, ""median_score_per_p"": 0.21621621621621623, ""median_support_fraction"": 0.2222222222222222}","{""168"": 2, ""176"": 1, ""220"": 1, ""224"": 1}"
p37_false_like,steepest,method,1,0.6319168029044024,0.5665497846728007,1,0.0,1.0,"{""148"": 1}",1.0714285714285714,-23962.327272728086,0.016666666666666666,0.11666666666666667,0.0,0.0,0.0,0.0,0.016666666666666666,0.15239529546758462,0.9285714285714286,0.7619047619047619,0.8461538461538461,3.0,168.0,1.0059880239520957,0.5903614457831325,49.0,"{""count"": 80, ""label"": ""p37_exact_like"", ""median_D_min_ratio"": 0.5, ""median_P_16"": 0.22334834834834835, ""median_P_8"": 0.08483483483483484, ""median_P_thetaS_005"": 0.018018018018018018, ""median_Q_ratio"": 12.93576388888889, ""median_kappa_max"": 1.7083333333333335, ""median_kappa_q99"": 1.0, ""median_score_per_p"": 0.6486486486486487, ""median_support_fraction"": 0.5}","{""count"": 84, ""label"": ""p37_false_like"", ""median_D_min_ratio"": 1.5, ""median_P_16"": 0.11448948948948949, ""median_P_8"": 0.015765765765765764, ""median_P_thetaS_005"": 0.0, ""median_Q_ratio"": 38.61805555555556, ""median_kappa_max"": 0.75, ""median_kappa_q99"": 0.5714285714285714, ""median_score_per_p"": 0.21621621621621623, ""median_support_fraction"": 0.2222222222222222}","{""168"": 1}"
p37_false_like,164,score,3,0.6128719064217937,0.5644524043509263,3,0.0,1.0,"{""144"": 3}",1.048780487804878,-19190.690909091383,0.016666666666666666,0.10833333333333334,0.0,0.008333333333333333,0.0,0.008333333333333333,0.016666666666666666,0.15045548045841906,0.9354838709677419,0.75,0.8095238095238095,3.0,164.0,0.9820359281437125,0.6024096385542169,50.0,"{""count"": 80, ""label"": ""p37_exact_like"", ""median_D_min_ratio"": 0.5, ""median_P_16"": 0.22334834834834835, ""median_P_8"": 0.08483483483483484, ""median_P_thetaS_005"": 0.018018018018018018, ""median_Q_ratio"": 12.93576388888889, ""median_kappa_max"": 1.7083333333333335, ""median_kappa_q99"": 1.0, ""median_score_per_p"": 0.6486486486486487, ""median_support_fraction"": 0.5}","{""count"": 84, ""label"": ""p37_false_like"", ""median_D_min_ratio"": 1.5, ""median_P_16"": 0.11448948948948949, ""median_P_8"": 0.015765765765765764, ""median_P_thetaS_005"": 0.0, ""median_Q_ratio"": 38.61805555555556, ""median_kappa_max"": 0.75, ""median_kappa_q99"": 0.5714285714285714, ""median_score_per_p"": 0.21621621621621623, ""median_support_fraction"": 0.2222222222222222}","{""164"": 3}"
p37_false_like,168,score,3,0.6306965985215474,0.567771582731948,3,0.3333333333333333,0.6666666666666666,"{""144"": 2, ""148"": 1}",1.0714285714285714,-23962.327272728086,0.016666666666666666,0.15,0.0,0.0,0.0,0.0,0.016666666666666666,0.1522518646012622,0.9285714285714286,0.7674418604651163,0.8571428571428571,3.0,168.0,1.0059880239520957,0.5903614457831325,49.0,"{""count"": 80, ""label"": ""p37_exact_like"", ""median_D_min_ratio"": 0.5, ""median_P_16"": 0.22334834834834835, ""median_P_8"": 0.08483483483483484, ""median_P_thetaS_005"": 0.018018018018018018, ""median_Q_ratio"": 12.93576388888889, ""median_kappa_max"": 1.7083333333333335, ""median_kappa_q99"": 1.0, ""median_score_per_p"": 0.6486486486486487, ""median_support_fraction"": 0.5}","{""count"": 84, ""label"": ""p37_false_like"", ""median_D_min_ratio"": 1.5, ""median_P_16"": 0.11448948948948949, ""median_P_8"": 0.015765765765765764, ""median_P_thetaS_005"": 0.0, ""median_Q_ratio"": 38.61805555555556, ""median_kappa_max"": 0.75, ""median_kappa_q99"": 0.5714285714285714, ""median_score_per_p"": 0.21621621621621623, ""median_support_fraction"": 0.2222222222222222}","{""168"": 3}"
p37_false_like,172,score,2,0.6163245629399283,0.5678059186889113,2,0.0,1.0,"{""148"": 2}",1.058139534883721,-25046.327272728086,0.025,0.10833333333333334,0.0,0.004166666666666667,0.0,0.004166666666666667,0.025,0.14457831325301204,0.9258928571428571,0.7596153846153846,0.8696943972835314,2.5,172.0,1.029940119760479,0.6265060240963856,52.0,"{""count"": 80, ""label"": ""p37_exact_like"", ""median_D_min_ratio"": 0.5, ""median_P_16"": 0.22334834834834835, ""median_P_8"": 0.08483483483483484, ""median_P_thetaS_005"": 0.018018018018018018, ""median_Q_ratio"": 12.93576388888889, ""median_kappa_max"": 1.7083333333333335, ""median_kappa_q99"": 1.0, ""median_score_per_p"": 0.6486486486486487, ""median_support_fraction"": 0.5}","{""count"": 84, ""label"": ""p37_false_like"", ""median_D_min_ratio"": 1.5, ""median_P_16"": 0.11448948948948949, ""median_P_8"": 0.015765765765765764, ""median_P_thetaS_005"": 0.0, ""median_Q_ratio"": 38.61805555555556, ""median_kappa_max"": 0.75, ""median_kappa_q99"": 0.5714285714285714, ""median_score_per_p"": 0.21621621621621623, ""median_support_fraction"": 0.2222222222222222}","{""172"": 2}"
p37_exact_like,176,score,4,0.5637208454807255,0.5660415407701709,4,0.5,0.5,"{""144"": 4}",1.0,-19788.690909091383,0.0375,0.25,0.004166666666666667,0.0125,0.004166666666666667,0.0125,0.0375,0.14526286966046004,0.9990530303030303,0.8293269230769231,0.8838383838383839,3.0,176.0,1.0538922155688624,0.5662650602409639,47.0,"{""count"": 80, ""label"": ""p37_exact_like"", ""median_D_min_ratio"": 0.5, ""median_P_16"": 0.22334834834834835, ""median_P_8"": 0.08483483483483484, ""median_P_thetaS_005"": 0.018018018018018018, ""median_Q_ratio"": 12.93576388888889, ""median_kappa_max"": 1.7083333333333335, ""median_kappa_q99"": 1.0, ""median_score_per_p"": 0.6486486486486487, ""median_support_fraction"": 0.5}","{""count"": 84, ""label"": ""p37_false_like"", ""median_D_min_ratio"": 1.5, ""median_P_16"": 0.11448948948948949, ""median_P_8"": 0.015765765765765764, ""median_P_thetaS_005"": 0.0, ""median_Q_ratio"": 38.61805555555556, ""median_kappa_max"": 0.75, ""median_kappa_q99"": 0.5714285714285714, ""median_score_per_p"": 0.21621621621621623, ""median_support_fraction"": 0.2222222222222222}","{""176"": 4}"
p37_exact_like,180,score,4,0.561217903733786,0.5760340745089029,4,0.5,0.5,"{""144"": 2, ""148"": 2}",1.011111111111111,-23292.509090909734,0.037500000000000006,0.22916666666666669,0.008333333333333333,0.016666666666666666,0.008333333333333333,0.016666666666666666,0.037500000000000006,0.14046184738955825,0.9845238095238096,0.8145424836601307,0.9150326797385621,3.0,180.0,1.0778443113772456,0.608433734939759,50.5,"{""count"": 80, ""label"": ""p37_exact_like"", ""median_D_min_ratio"": 0.5, ""median_P_16"": 0.22334834834834835, ""median_P_8"": 0.08483483483483484, ""median_P_thetaS_005"": 0.018018018018018018, ""median_Q_ratio"": 12.93576388888889, ""median_kappa_max"": 1.7083333333333335, ""median_kappa_q99"": 1.0, ""median_score_per_p"": 0.6486486486486487, ""median_support_fraction"": 0.5}","{""count"": 84, ""label"": ""p37_false_like"", ""median_D_min_ratio"": 1.5, ""median_P_16"": 0.11448948948948949, ""median_P_8"": 0.015765765765765764, ""median_P_thetaS_005"": 0.0, ""median_Q_ratio"": 38.61805555555556, ""median_kappa_max"": 0.75, ""median_kappa_q99"": 0.5714285714285714, ""median_score_per_p"": 0.21621621621621623, ""median_support_fraction"": 0.2222222222222222}","{""180"": 4}"
p37_exact_like,184,score,2,0.5409517594139029,0.5551354230347735,2,0.0,0.5,"{""144"": 1, ""148"": 1}",1.0108695652173914,-22914.509090909734,0.05,0.21666666666666667,0.008333333333333333,0.016666666666666666,0.004166666666666667,0.016666666666666666,0.05,0.13758839706652698,0.9864864864864865,0.8245614035087719,0.909982174688057,2.5,184.0,1.1017964071856288,0.5240963855421688,43.5,"{""count"": 80, ""label"": ""p37_exact_like"", ""median_D_min_ratio"": 0.5, ""median_P_16"": 0.22334834834834835, ""median_P_8"": 0.08483483483483484, ""median_P_thetaS_005"": 0.018018018018018018, ""median_Q_ratio"": 12.93576388888889, ""median_kappa_max"": 1.7083333333333335, ""median_kappa_q99"": 1.0, ""median_score_per_p"": 0.6486486486486487, ""median_support_fraction"": 0.5}","{""count"": 84, ""label"": ""p37_false_like"", ""median_D_min_ratio"": 1.5, ""median_P_16"": 0.11448948948948949, ""median_P_8"": 0.015765765765765764, ""median_P_thetaS_005"": 0.0, ""median_Q_ratio"": 38.61805555555556, ""median_kappa_max"": 0.75, ""median_kappa_q99"": 0.5714285714285714, ""median_score_per_p"": 0.21621621621621623, ""median_support_fraction"": 0.2222222222222222}","{""184"": 2}"
p37_exact_like,188,score,3,0.5026765362611041,0.599766639031579,3,1.0,0.0,"{""144"": 1, ""148"": 2}",0.9574468085106383,-25142.327272728086,0.06666666666666667,0.26666666666666666,0.025,0.03333333333333333,0.016666666666666666,0.03333333333333333,0.06666666666666667,0.1357664701358626,1.064516129032258,0.8205128205128205,0.9714285714285714,3.0,188.0,1.125748502994012,0.5421686746987951,45.0,"{""count"": 80, ""label"": ""p37_exact_like"", ""median_D_min_ratio"": 0.5, ""median_P_16"": 0.22334834834834835, ""median_P_8"": 0.08483483483483484, ""median_P_thetaS_005"": 0.018018018018018018, ""median_Q_ratio"": 12.93576388888889, ""median_kappa_max"": 1.7083333333333335, ""median_kappa_q99"": 1.0, ""median_score_per_p"": 0.6486486486486487, ""median_support_fraction"": 0.5}","{""count"": 84, ""label"": ""p37_false_like"", ""median_D_min_ratio"": 1.5, ""median_P_16"": 0.11448948948948949, ""median_P_8"": 0.015765765765765764, ""median_P_thetaS_005"": 0.0, ""median_Q_ratio"": 38.61805555555556, ""median_kappa_max"": 0.75, ""median_kappa_q99"": 0.5714285714285714, ""median_score_per_p"": 0.21621621621621623, ""median_support_fraction"": 0.2222222222222222}","{""188"": 3}"
p37_exact_like,192,score,5,0.48633823764719725,0.5819360303804069,5,0.6,0.4,"{""144"": 4, ""148"": 1}",0.9583333333333334,-20942.690909091383,0.09166666666666666,0.325,0.025,0.03333333333333333,0.016666666666666666,0.03333333333333333,0.09166666666666666,0.13579317269076305,1.0571428571428572,0.8529411764705882,0.972972972972973,2.0,192.0,1.1497005988023952,0.6144578313253012,51.0,"{""count"": 80, ""label"": ""p37_exact_like"", ""median_D_min_ratio"": 0.5, ""median_P_16"": 0.22334834834834835, ""median_P_8"": 0.08483483483483484, ""median_P_thetaS_005"": 0.018018018018018018, ""median_Q_ratio"": 12.93576388888889, ""median_kappa_max"": 1.7083333333333335, ""median_kappa_q99"": 1.0, ""median_score_per_p"": 0.6486486486486487, ""median_support_fraction"": 0.5}","{""count"": 84, ""label"": ""p37_false_like"", ""median_D_min_ratio"": 1.5, ""median_P_16"": 0.11448948948948949, ""median_P_8"": 0.015765765765765764, ""median_P_thetaS_005"": 0.0, ""median_Q_ratio"": 38.61805555555556, ""median_kappa_max"": 0.75, ""median_kappa_q99"": 0.5714285714285714, ""median_score_per_p"": 0.21621621621621623, ""median_support_fraction"": 0.2222222222222222}","{""192"": 5}"
p37_exact_like,196,score,6,0.537768201520454,0.5980348919396388,6,0.16666666666666666,0.3333333333333333,"{""144"": 6}",1.0,-20540.690909091383,0.058333333333333334,0.25833333333333336,0.020833333333333336,0.029166666666666667,0.008333333333333333,0.029166666666666667,0.058333333333333334,0.1296102778460782,1.0,0.8186090225563909,0.9544592030360531,3.0,196.0,1.1736526946107784,0.6024096385542168,50.0,"{""count"": 80, ""label"": ""p37_exact_like"", ""median_D_min_ratio"": 0.5, ""median_P_16"": 0.22334834834834835, ""median_P_8"": 0.08483483483483484, ""median_P_thetaS_005"": 0.018018018018018018, ""median_Q_ratio"": 12.93576388888889, ""median_kappa_max"": 1.7083333333333335, ""median_kappa_q99"": 1.0, ""median_score_per_p"": 0.6486486486486487, ""median_support_fraction"": 0.5}","{""count"": 84, ""label"": ""p37_false_like"", ""median_D_min_ratio"": 1.5, ""median_P_16"": 0.11448948948948949, ""median_P_8"": 0.015765765765765764, ""median_P_thetaS_005"": 0.0, ""median_Q_ratio"": 38.61805555555556, ""median_kappa_max"": 0.75, ""median_kappa_q99"": 0.5714285714285714, ""median_score_per_p"": 0.21621621621621623, ""median_support_fraction"": 0.2222222222222222}","{""196"": 6}"
p37_exact_like,200,score,7,0.4898071989626673,0.589197897902576,7,0.7142857142857143,0.0,"{""144"": 7}",0.96,-19950.690909091383,0.09166666666666666,0.3333333333333333,0.025,0.03333333333333333,0.016666666666666666,0.03333333333333333,0.125,0.1281024096385542,1.0833333333333333,0.8536585365853658,0.9655172413793104,3.0,200.0,1.1976047904191616,0.6144578313253012,51.0,"{""count"": 80, ""label"": ""p37_exact_like"", ""median_D_min_ratio"": 0.5, ""median_P_16"": 0.22334834834834835, ""median_P_8"": 0.08483483483483484, ""median_P_thetaS_005"": 0.018018018018018018, ""median_Q_ratio"": 12.93576388888889, ""median_kappa_max"": 1.7083333333333335, ""median_kappa_q99"": 1.0, ""median_score_per_p"": 0.6486486486486487, ""median_support_fraction"": 0.5}","{""count"": 84, ""label"": ""p37_false_like"", ""median_D_min_ratio"": 1.5, ""median_P_16"": 0.11448948948948949, ""median_P_8"": 0.015765765765765764, ""median_P_thetaS_005"": 0.0, ""median_Q_ratio"": 38.61805555555556, ""median_kappa_max"": 0.75, ""median_kappa_q99"": 0.5714285714285714, ""median_score_per_p"": 0.21621621621621623, ""median_support_fraction"": 0.2222222222222222}","{""200"": 7}"
p37_exact_like,204,score,9,0.533555965476748,0.5958662690401154,9,0.5555555555555556,0.2222222222222222,"{""144"": 9}",0.9803921568627451,-20390.690909091383,0.06666666666666667,0.4083333333333333,0.016666666666666666,0.025,0.016666666666666666,0.025,0.10833333333333334,0.1258268367587999,1.0357142857142858,0.8378378378378378,0.95,3.0,204.0,1.221556886227545,0.6506024096385542,54.0,"{""count"": 80, ""label"": ""p37_exact_like"", ""median_D_min_ratio"": 0.5, ""median_P_16"": 0.22334834834834835, ""median_P_8"": 0.08483483483483484, ""median_P_thetaS_005"": 0.018018018018018018, ""median_Q_ratio"": 12.93576388888889, ""median_kappa_max"": 1.7083333333333335, ""median_kappa_q99"": 1.0, ""median_score_per_p"": 0.6486486486486487, ""median_support_fraction"": 0.5}","{""count"": 84, ""label"": ""p37_false_like"", ""median_D_min_ratio"": 1.5, ""median_P_16"": 0.11448948948948949, ""median_P_8"": 0.015765765765765764, ""median_P_thetaS_005"": 0.0, ""median_Q_ratio"": 38.61805555555556, ""median_kappa_max"": 0.75, ""median_kappa_q99"": 0.5714285714285714, ""median_score_per_p"": 0.21621621621621623, ""median_support_fraction"": 0.2222222222222222}","{""204"": 9}"
p37_exact_like,208,score,9,0.4624998109871172,0.6375823998717896,9,1.0,0.0,"{""144"": 9}",0.9423076923076923,-19962.690909091383,0.11666666666666667,0.43333333333333335,0.041666666666666664,0.058333333333333334,0.03333333333333333,0.058333333333333334,0.16666666666666666,0.12468141797961076,1.1,0.8918918918918919,1.025,3.0,208.0,1.2455089820359282,0.6144578313253012,51.0,"{""count"": 80, ""label"": ""p37_exact_like"", ""median_D_min_ratio"": 0.5, ""median_P_16"": 0.22334834834834835, ""median_P_8"": 0.08483483483483484, ""median_P_thetaS_005"": 0.018018018018018018, ""median_Q_ratio"": 12.93576388888889, ""median_kappa_max"": 1.7083333333333335, ""median_kappa_q99"": 1.0, ""median_score_per_p"": 0.6486486486486487, ""median_support_fraction"": 0.5}","{""count"": 84, ""label"": ""p37_false_like"", ""median_D_min_ratio"": 1.5, ""median_P_16"": 0.11448948948948949, ""median_P_8"": 0.015765765765765764, ""median_P_thetaS_005"": 0.0, ""median_Q_ratio"": 38.61805555555556, ""median_kappa_max"": 0.75, ""median_kappa_q99"": 0.5714285714285714, ""median_score_per_p"": 0.21621621621621623, ""median_support_fraction"": 0.2222222222222222}","{""208"": 9}"
p37_exact_like,212,score,9,0.42031761814908447,0.6981309493871406,9,1.0,0.0,"{""144"": 9}",0.9056603773584906,-19986.690909091383,0.14166666666666666,0.5583333333333333,0.05,0.06666666666666667,0.03333333333333333,0.06666666666666667,0.19166666666666668,0.12329506706069561,1.1923076923076923,0.9148936170212766,1.024390243902439,3.0,212.0,1.2694610778443114,0.5903614457831325,49.0,"{""count"": 80, ""label"": ""p37_exact_like"", ""median_D_min_ratio"": 0.5, ""median_P_16"": 0.22334834834834835, ""median_P_8"": 0.08483483483483484, ""median_P_thetaS_005"": 0.018018018018018018, ""median_Q_ratio"": 12.93576388888889, ""median_kappa_max"": 1.7083333333333335, ""median_kappa_q99"": 1.0, ""median_score_per_p"": 0.6486486486486487, ""median_support_fraction"": 0.5}","{""count"": 84, ""label"": ""p37_false_like"", ""median_D_min_ratio"": 1.5, ""median_P_16"": 0.11448948948948949, ""median_P_8"": 0.015765765765765764, ""median_P_thetaS_005"": 0.0, ""median_Q_ratio"": 38.61805555555556, ""median_kappa_max"": 0.75, ""median_kappa_q99"": 0.5714285714285714, ""median_score_per_p"": 0.21621621621621623, ""median_support_fraction"": 0.2222222222222222}","{""212"": 9}"
p37_exact_like,216,score,10,0.4423107691971133,0.7160160344822396,10,0.9,0.1,"{""144"": 10}",0.8518518518518519,-20288.690909091383,0.125,0.5125,0.05,0.075,0.029166666666666667,0.075,0.17916666666666664,0.11986836233824186,1.2033462033462032,0.9032634032634033,1.0,2.0,216.0,1.2934131736526946,0.6867469879518072,57.0,"{""count"": 80, ""label"": ""p37_exact_like"", ""median_D_min_ratio"": 0.5, ""median_P_16"": 0.22334834834834835, ""median_P_8"": 0.08483483483483484, ""median_P_thetaS_005"": 0.018018018018018018, ""median_Q_ratio"": 12.93576388888889, ""median_kappa_max"": 1.7083333333333335, ""median_kappa_q99"": 1.0, ""median_score_per_p"": 0.6486486486486487, ""median_support_fraction"": 0.5}","{""count"": 84, ""label"": ""p37_false_like"", ""median_D_min_ratio"": 1.5, ""median_P_16"": 0.11448948948948949, ""median_P_8"": 0.015765765765765764, ""median_P_thetaS_005"": 0.0, ""median_Q_ratio"": 38.61805555555556, ""median_kappa_max"": 0.75, ""median_kappa_q99"": 0.5714285714285714, ""median_score_per_p"": 0.21621621621621623, ""median_support_fraction"": 0.2222222222222222}","{""216"": 10}"
p37_exact_like,220,score,10,0.4548527142139949,0.7761368859669167,10,0.9,0.1,"{""144"": 9, ""148"": 1}",0.9272727272727272,-20210.690909091383,0.15416666666666667,0.6583333333333333,0.07083333333333333,0.09583333333333333,0.037500000000000006,0.09583333333333333,0.21250000000000002,0.11733296823658271,1.1028571428571428,0.9245535714285714,1.0147058823529411,3.0,220.0,1.3173652694610778,0.6566265060240963,54.5,"{""count"": 80, ""label"": ""p37_exact_like"", ""median_D_min_ratio"": 0.5, ""median_P_16"": 0.22334834834834835, ""median_P_8"": 0.08483483483483484, ""median_P_thetaS_005"": 0.018018018018018018, ""median_Q_ratio"": 12.93576388888889, ""median_kappa_max"": 1.7083333333333335, ""median_kappa_q99"": 1.0, ""median_score_per_p"": 0.6486486486486487, ""median_support_fraction"": 0.5}","{""count"": 84, ""label"": ""p37_false_like"", ""median_D_min_ratio"": 1.5, ""median_P_16"": 0.11448948948948949, ""median_P_8"": 0.015765765765765764, ""median_P_thetaS_005"": 0.0, ""median_Q_ratio"": 38.61805555555556, ""median_kappa_max"": 0.75, ""median_kappa_q99"": 0.5714285714285714, ""median_score_per_p"": 0.21621621621621623, ""median_support_fraction"": 0.2222222222222222}","{""220"": 10}"
p37_exact_like,224,score,10,0.4348469179494329,0.7416962168266216,10,0.9,0.0,"{""144"": 9, ""148"": 1}",0.9196428571428572,-20146.690909091383,0.15416666666666667,0.675,0.058333333333333334,0.075,0.03333333333333333,0.075,0.24583333333333335,0.11663618760757315,1.1286186931348223,0.9083623693379791,1.0459558823529411,3.0,224.0,1.341317365269461,0.6746987951807228,56.0,"{""count"": 80, ""label"": ""p37_exact_like"", ""median_D_min_ratio"": 0.5, ""median_P_16"": 0.22334834834834835, ""median_P_8"": 0.08483483483483484, ""median_P_thetaS_005"": 0.018018018018018018, ""median_Q_ratio"": 12.93576388888889, ""median_kappa_max"": 1.7083333333333335, ""median_kappa_q99"": 1.0, ""median_score_per_p"": 0.6486486486486487, ""median_support_fraction"": 0.5}","{""count"": 84, ""label"": ""p37_false_like"", ""median_D_min_ratio"": 1.5, ""median_P_16"": 0.11448948948948949, ""median_P_8"": 0.015765765765765764, ""median_P_thetaS_005"": 0.0, ""median_Q_ratio"": 38.61805555555556, ""median_kappa_max"": 0.75, ""median_kappa_q99"": 0.5714285714285714, ""median_score_per_p"": 0.21621621621621623, ""median_support_fraction"": 0.2222222222222222}","{""224"": 10}"
p37_exact_like,228,score,9,0.4510418927486608,0.6782633020117178,9,0.7777777777777778,0.1111111111111111,"{""144"": 9}",0.9122807017543859,-20154.690909091383,0.13333333333333333,0.5583333333333333,0.041666666666666664,0.058333333333333334,0.025,0.058333333333333334,0.19166666666666668,0.112714013950539,1.1379310344827587,0.8947368421052632,1.0,3.0,228.0,1.3652694610778444,0.6506024096385542,54.0,"{""count"": 80, ""label"": ""p37_exact_like"", ""median_D_min_ratio"": 0.5, ""median_P_16"": 0.22334834834834835, ""median_P_8"": 0.08483483483483484, ""median_P_thetaS_005"": 0.018018018018018018, ""median_Q_ratio"": 12.93576388888889, ""median_kappa_max"": 1.7083333333333335, ""median_kappa_q99"": 1.0, ""median_score_per_p"": 0.6486486486486487, ""median_support_fraction"": 0.5}","{""count"": 84, ""label"": ""p37_false_like"", ""median_D_min_ratio"": 1.5, ""median_P_16"": 0.11448948948948949, ""median_P_8"": 0.015765765765765764, ""median_P_thetaS_005"": 0.0, ""median_Q_ratio"": 38.61805555555556, ""median_kappa_max"": 0.75, ""median_kappa_q99"": 0.5714285714285714, ""median_score_per_p"": 0.21621621621621623, ""median_support_fraction"": 0.2222222222222222}","{""228"": 9}"
p37_exact_like,232,score,8,0.40379257509288513,0.7938700867403703,8,0.875,0.0,"{""144"": 8}",0.9224137931034483,-21086.690909091383,0.17916666666666664,0.6416666666666667,0.0625,0.0875,0.0375,0.0875,0.25,0.1139514956377233,1.1575682382133996,0.9128787878787878,1.0256410256410255,3.0,232.0,1.3892215568862276,0.5903614457831325,49.0,"{""count"": 80, ""label"": ""p37_exact_like"", ""median_D_min_ratio"": 0.5, ""median_P_16"": 0.22334834834834835, ""median_P_8"": 0.08483483483483484, ""median_P_thetaS_005"": 0.018018018018018018, ""median_Q_ratio"": 12.93576388888889, ""median_kappa_max"": 1.7083333333333335, ""median_kappa_q99"": 1.0, ""median_score_per_p"": 0.6486486486486487, ""median_support_fraction"": 0.5}","{""count"": 84, ""label"": ""p37_false_like"", ""median_D_min_ratio"": 1.5, ""median_P_16"": 0.11448948948948949, ""median_P_8"": 0.015765765765765764, ""median_P_thetaS_005"": 0.0, ""median_Q_ratio"": 38.61805555555556, ""median_kappa_max"": 0.75, ""median_kappa_q99"": 0.5714285714285714, ""median_score_per_p"": 0.21621621621621623, ""median_support_fraction"": 0.2222222222222222}","{""232"": 8}"
p37_false_like,score164_176,score164_176,7,0.6033182713796073,0.5714779116746642,7,0.2857142857142857,0.7142857142857143,"{""144"": 7}",1.0454545454545454,-19242.690909091383,0.025,0.16666666666666666,0.0,0.008333333333333333,0.0,0.008333333333333333,0.025,0.1484460569550931,0.9375,0.7872340425531915,0.8787878787878788,3.0,176.0,1.0538922155688624,0.6024096385542169,50.0,"{""count"": 80, ""label"": ""p37_exact_like"", ""median_D_min_ratio"": 0.5, ""median_P_16"": 0.22334834834834835, ""median_P_8"": 0.08483483483483484, ""median_P_thetaS_005"": 0.018018018018018018, ""median_Q_ratio"": 12.93576388888889, ""median_kappa_max"": 1.7083333333333335, ""median_kappa_q99"": 1.0, ""median_score_per_p"": 0.6486486486486487, ""median_support_fraction"": 0.5}","{""count"": 84, ""label"": ""p37_false_like"", ""median_D_min_ratio"": 1.5, ""median_P_16"": 0.11448948948948949, ""median_P_8"": 0.015765765765765764, ""median_P_thetaS_005"": 0.0, ""median_Q_ratio"": 38.61805555555556, ""median_kappa_max"": 0.75, ""median_kappa_q99"": 0.5714285714285714, ""median_score_per_p"": 0.21621621621621623, ""median_support_fraction"": 0.2222222222222222}","{""164"": 3, ""176"": 4}"
p37_exact_like,"73,76,83,83",tuple,11,0.552975048883648,0.5763209730235253,11,0.45454545454545453,0.45454545454545453,"{""148"": 11}",1.0,-24594.327272728086,0.041666666666666664,0.21666666666666667,0.008333333333333333,0.016666666666666666,0.008333333333333333,0.016666666666666666,0.041666666666666664,0.14076071728775566,1.0,0.8157894736842105,0.926829268292683,3.0,184.0,1.1017964071856288,0.5903614457831325,49.0,"{""count"": 80, ""label"": ""p37_exact_like"", ""median_D_min_ratio"": 0.5, ""median_P_16"": 0.22334834834834835, ""median_P_8"": 0.08483483483483484, ""median_P_thetaS_005"": 0.018018018018018018, ""median_Q_ratio"": 12.93576388888889, ""median_kappa_max"": 1.7083333333333335, ""median_kappa_q99"": 1.0, ""median_score_per_p"": 0.6486486486486487, ""median_support_fraction"": 0.5}","{""count"": 84, ""label"": ""p37_false_like"", ""median_D_min_ratio"": 1.5, ""median_P_16"": 0.11448948948948949, ""median_P_8"": 0.015765765765765764, ""median_P_thetaS_005"": 0.0, ""median_Q_ratio"": 38.61805555555556, ""median_kappa_max"": 0.75, ""median_kappa_q99"": 0.5714285714285714, ""median_score_per_p"": 0.21621621621621623, ""median_support_fraction"": 0.2222222222222222}","{""168"": 1, ""172"": 2, ""180"": 2, ""184"": 1, ""188"": 2, ""192"": 1, ""220"": 1, ""224"": 1}"
p37_exact_like,"73,78,79,81",tuple,102,0.4637306399472582,0.6295539695726712,102,0.7450980392156863,0.1568627450980392,"{""144"": 102}",0.9423076923076923,-20372.690909091383,0.11666666666666667,0.475,0.03333333333333333,0.05416666666666667,0.025,0.05416666666666667,0.16249999999999998,0.1231379767435756,1.1,0.8830369357045144,1.0,3.0,212.0,1.2694610778443114,0.6265060240963856,52.0,"{""count"": 80, ""label"": ""p37_exact_like"", ""median_D_min_ratio"": 0.5, ""median_P_16"": 0.22334834834834835, ""median_P_8"": 0.08483483483483484, ""median_P_thetaS_005"": 0.018018018018018018, ""median_Q_ratio"": 12.93576388888889, ""median_kappa_max"": 1.7083333333333335, ""median_kappa_q99"": 1.0, ""median_score_per_p"": 0.6486486486486487, ""median_support_fraction"": 0.5}","{""count"": 84, ""label"": ""p37_false_like"", ""median_D_min_ratio"": 1.5, ""median_P_16"": 0.11448948948948949, ""median_P_8"": 0.015765765765765764, ""median_P_thetaS_005"": 0.0, ""median_Q_ratio"": 38.61805555555556, ""median_kappa_max"": 0.75, ""median_kappa_q99"": 0.5714285714285714, ""median_score_per_p"": 0.21621621621621623, ""median_support_fraction"": 0.2222222222222222}","{""164"": 3, ""168"": 2, ""176"": 4, ""180"": 2, ""184"": 1, ""188"": 1, ""192"": 4, ""196"": 6, ""200"": 7, ""204"": 9, ""208"": 9, ""212"": 9, ""216"": 10, ""220"": 9, ""224"": 9, ""228"": 9, ""232"": 8}"
